work,dimension,population_size,max_gens,alpha,DRAM, Psys, PKG,seconds,generations,diff_fitness,evaluations
baseline-intel, 3, 200, 10, 10, 13.23, 350.37, 191.20, 13.00807897, , 0, 
baseline-intel, 3, 200, 10, 10, 15.99, 350.84, 180.01, 14.31592858, , 0, 
baseline-intel, 3, 200, 10, 10, 16.29, 329.95, 154.50, 15.58467854, , 0, 
baseline-intel, 3, 200, 10, 10, 14.79, 320.18, 148.35, 15.07937638, , 0, 
baseline-intel, 3, 200, 10, 10, 14.45, 314.39, 150.13, 14.93592320, , 0, 
baseline-intel, 3, 200, 10, 10, 15.48, 323.28, 151.94, 15.27977388, , 0, 
baseline-intel, 3, 200, 10, 10, 14.86, 315.87, 149.87, 14.98358468, , 0, 
baseline-intel, 3, 200, 10, 10, 14.36, 312.52, 148.16, 14.94605369, , 0, 
baseline-intel, 3, 200, 10, 10, 14.89, 315.70, 149.78, 15.05544301, , 0, 
baseline-intel, 3, 200, 10, 10, 15.66, 322.82, 150.54, 15.34201048, , 0, 
baseline-intel, 3, 200, 10, 10, 14.54, 314.92, 148.40, 14.93094810, , 0, 
baseline-intel, 3, 200, 10, 10, 24.43, 383.01, 172.28, 17.72036760, , 0, 
baseline-intel, 3, 200, 10, 10, 14.71, 316.08, 150.07, 15.10828650, , 0, 
baseline-intel, 3, 200, 10, 10, 19.44, 344.36, 161.80, 16.21276101, , 0, 
baseline-intel, 3, 200, 10, 10, 21.81, 358.78, 168.45, 16.74786918, , 0, 
baseline-intel, 3, 200, 10, 10, 34.09, 438.19, 194.31, 19.99853292, , 0, 
baseline-intel, 3, 200, 10, 10, 21.34, 357.87, 168.43, 16.76315779, , 0, 
baseline-intel, 3, 200, 10, 10, 41.04, 515.19, 228.64, 22.73101933, , 0, 
baseline-intel, 3, 200, 10, 10, 38.64, 497.01, 221.11, 22.38141908, , 0, 
baseline-intel, 3, 200, 10, 10, 37.67, 490.28, 216.29, 21.83544690, , 0, 
baseline-intel, 3, 200, 10, 10, 42.65, 519.73, 231.56, 23.25055011, , 0, 
baseline-intel, 3, 200, 10, 10, 21.63, 362.31, 165.39, 16.72686851, , 0, 
baseline-intel, 3, 200, 10, 10, 23.86, 378.07, 173.61, 17.51171748, , 0, 
baseline-intel, 3, 200, 10, 10, 19.32, 346.55, 163.25, 16.31988096, , 0, 
baseline-intel, 3, 200, 10, 10, 24.52, 394.35, 183.12, 18.37066978, , 0, 
baseline-intel, 3, 200, 10, 10, 15.94, 330.22, 154.67, 15.62694173, , 0, 
baseline-intel, 3, 200, 10, 10, 18.51, 355.60, 165.26, 16.65155362, , 0, 
baseline-intel, 3, 200, 10, 10, 15.64, 326.43, 154.45, 15.43268923, , 0, 
baseline-intel, 3, 200, 10, 10, 18.23, 349.61, 162.35, 16.42150499, , 0, 
baseline-intel, 3, 200, 10, 10, 18.26, 348.00, 162.84, 16.35397327, , 0, 
baseline-intel, 3, 200, 10, 25, 18.53, 352.90, 162.60, 16.47921859, , 0, 
baseline-intel, 3, 200, 10, 25, 19.21, 359.41, 166.80, 16.73419685, , 0, 
baseline-intel, 3, 200, 10, 25, 19.40, 356.75, 163.15, 16.76866188, , 0, 
baseline-intel, 3, 200, 10, 25, 18.42, 349.81, 163.69, 16.44119309, , 0, 
baseline-intel, 3, 200, 10, 25, 16.65, 336.57, 157.18, 15.87647049, , 0, 
baseline-intel, 3, 200, 10, 25, 17.21, 339.37, 160.72, 16.03123481, , 0, 
baseline-intel, 3, 200, 10, 25, 19.53, 357.45, 170.38, 16.77112530, , 0, 
baseline-intel, 3, 200, 10, 25, 18.30, 350.98, 165.14, 16.42657736, , 0, 
baseline-intel, 3, 200, 10, 25, 16.81, 337.79, 157.49, 15.95658586, , 0, 
baseline-intel, 3, 200, 10, 25, 17.30, 343.62, 165.72, 16.14651515, , 0, 
baseline-intel, 3, 200, 10, 25, 16.75, 336.82, 159.39, 15.88554196, , 0, 
baseline-intel, 3, 200, 10, 25, 18.80, 354.31, 167.86, 16.60236295, , 0, 
baseline-intel, 3, 200, 10, 25, 18.06, 349.31, 168.52, 16.42077696, , 0, 
baseline-intel, 3, 200, 10, 25, 17.57, 343.02, 160.28, 16.22877804, , 0, 
baseline-intel, 3, 200, 10, 25, 19.24, 356.38, 163.35, 16.77279403, , 0, 
baseline-intel, 3, 200, 10, 25, 17.36, 342.84, 157.40, 16.14497381, , 0, 
baseline-intel, 3, 200, 10, 25, 17.49, 348.77, 162.74, 16.25823170, , 0, 
baseline-intel, 3, 200, 10, 25, 19.61, 359.18, 168.69, 16.93359227, , 0, 
baseline-intel, 3, 200, 10, 25, 19.45, 358.39, 167.94, 16.88213993, , 0, 
baseline-intel, 3, 200, 10, 25, 17.96, 346.02, 164.44, 16.34508103, , 0, 
baseline-intel, 3, 200, 10, 25, 17.84, 344.88, 163.34, 16.29189361, , 0, 
baseline-intel, 3, 200, 10, 25, 15.41, 323.91, 153.36, 15.38817184, , 0, 
baseline-intel, 3, 200, 10, 25, 18.25, 336.88, 156.97, 16.02767604, , 0, 
baseline-intel, 3, 200, 10, 25, 17.16, 330.54, 155.77, 15.76789104, , 0, 
baseline-intel, 3, 200, 10, 25, 16.16, 326.71, 155.69, 15.57631553, , 0, 
baseline-intel, 3, 200, 10, 25, 15.75, 327.71, 158.48, 15.58980716, , 0, 
baseline-intel, 3, 200, 10, 25, 17.43, 340.56, 158.50, 16.12354147, , 0, 
baseline-intel, 3, 200, 10, 25, 17.49, 342.57, 158.69, 16.17802738, , 0, 
baseline-intel, 3, 200, 10, 25, 16.57, 334.61, 163.21, 15.84404215, , 0, 
baseline-intel, 3, 200, 10, 25, 15.98, 328.03, 157.81, 15.60171235, , 0, 
baseline-intel, 3, 200, 50, 10, 18.69, 351.42, 165.58, 16.61950669, , 0, 
baseline-intel, 3, 200, 50, 10, 19.46, 357.14, 169.55, 16.88031463, , 0, 
baseline-intel, 3, 200, 50, 10, 18.37, 347.19, 166.06, 16.38938135, , 0, 
baseline-intel, 3, 200, 50, 10, 17.98, 343.24, 162.27, 16.32681146, , 0, 
baseline-intel, 3, 200, 50, 10, 16.45, 334.18, 158.51, 15.89426729, , 0, 
baseline-intel, 3, 200, 50, 10, 16.80, 330.99, 159.87, 15.84935249, , 0, 
baseline-intel, 3, 200, 50, 10, 18.98, 352.26, 166.38, 16.66111672, , 0, 
baseline-intel, 3, 200, 50, 10, 19.22, 353.85, 170.31, 16.76117588, , 0, 
baseline-intel, 3, 200, 50, 10, 16.73, 334.16, 157.22, 15.90552862, , 0, 
baseline-intel, 3, 200, 50, 10, 17.98, 344.09, 160.32, 16.27330961, , 0, 
baseline-intel, 3, 200, 50, 10, 18.94, 350.85, 164.84, 16.60320482, , 0, 
baseline-intel, 3, 200, 50, 10, 18.47, 347.63, 164.75, 16.50444021, , 0, 
baseline-intel, 3, 200, 50, 10, 18.54, 350.19, 164.13, 16.53801656, , 0, 
baseline-intel, 3, 200, 50, 10, 18.28, 350.58, 165.02, 16.42423594, , 0, 
baseline-intel, 3, 200, 50, 10, 17.86, 343.31, 161.49, 16.34228909, , 0, 
baseline-intel, 3, 200, 50, 10, 17.26, 339.80, 163.39, 16.17361838, , 0, 
baseline-intel, 3, 200, 50, 10, 21.35, 376.76, 175.06, 17.60365731, , 0, 
baseline-intel, 3, 200, 50, 10, 19.05, 340.55, 156.41, 16.15643492, , 0, 
baseline-intel, 3, 200, 50, 10, 24.82, 388.93, 182.61, 18.25367550, , 0, 
baseline-intel, 3, 200, 50, 10, 21.57, 363.36, 169.05, 17.08612583, , 0, 
baseline-intel, 3, 200, 50, 10, 17.21, 336.07, 162.95, 15.97515481, , 0, 
baseline-intel, 3, 200, 50, 10, 16.90, 329.03, 154.90, 15.75725247, , 0, 
baseline-intel, 3, 200, 50, 10, 15.39, 322.46, 155.93, 15.53094092, , 0, 
baseline-intel, 3, 200, 50, 10, 17.38, 332.17, 157.83, 15.82730882, , 0, 
baseline-intel, 3, 200, 50, 10, 15.72, 320.32, 154.91, 15.39069870, , 0, 
baseline-intel, 3, 200, 50, 10, 15.32, 321.71, 153.98, 15.48947069, , 0, 
baseline-intel, 3, 200, 50, 10, 14.95, 317.22, 155.14, 15.31516220, , 0, 
baseline-intel, 3, 200, 50, 10, 14.85, 315.10, 150.89, 15.28438897, , 0, 
baseline-intel, 3, 200, 50, 10, 14.72, 313.94, 153.12, 15.27095723, , 0, 
baseline-intel, 3, 200, 50, 10, 14.70, 312.48, 148.77, 15.13094286, , 0, 
baseline-intel, 3, 200, 50, 25, 14.87, 317.36, 149.60, 15.31009504, , 0, 
baseline-intel, 3, 200, 50, 25, 14.76, 314.06, 149.83, 15.18326110, , 0, 
baseline-intel, 3, 200, 50, 25, 14.73, 315.82, 152.19, 15.26364683, , 0, 
baseline-intel, 3, 200, 50, 25, 14.69, 313.35, 152.79, 15.19694796, , 0, 
baseline-intel, 3, 200, 50, 25, 14.85, 316.04, 150.38, 15.35152420, , 0, 
baseline-intel, 3, 200, 50, 25, 14.77, 314.34, 153.07, 15.25175150, , 0, 
baseline-intel, 3, 200, 50, 25, 14.65, 312.72, 152.01, 15.14619953, , 0, 
baseline-intel, 3, 200, 50, 25, 14.96, 317.96, 152.24, 15.39979770, , 0, 
baseline-intel, 3, 200, 50, 25, 14.82, 315.30, 151.33, 15.30753570, , 0, 
baseline-intel, 3, 200, 50, 25, 14.81, 313.25, 152.50, 15.19855679, , 0, 
baseline-intel, 3, 200, 50, 25, 15.04, 316.93, 156.83, 15.31920770, , 0, 
baseline-intel, 3, 200, 50, 25, 15.01, 317.34, 152.42, 15.35116458, , 0, 
baseline-intel, 3, 200, 50, 25, 15.15, 319.50, 154.12, 15.47344316, , 0, 
baseline-intel, 3, 200, 50, 25, 14.84, 313.84, 153.56, 15.27277088, , 0, 
baseline-intel, 3, 200, 50, 25, 14.81, 314.35, 151.14, 15.20106029, , 0, 
baseline-intel, 3, 200, 50, 25, 14.86, 315.72, 150.64, 15.29151134, , 0, 
baseline-intel, 3, 200, 50, 25, 14.83, 314.68, 151.99, 15.28343099, , 0, 
baseline-intel, 3, 200, 50, 25, 15.41, 317.75, 160.07, 15.46504772, , 0, 
baseline-intel, 3, 200, 50, 25, 14.82, 313.67, 153.15, 15.24070813, , 0, 
baseline-intel, 3, 200, 50, 25, 14.90, 316.51, 153.18, 15.36234697, , 0, 
baseline-intel, 3, 200, 50, 25, 14.67, 314.09, 146.89, 15.20517496, , 0, 
baseline-intel, 3, 200, 50, 25, 14.81, 313.83, 151.09, 15.24129099, , 0, 
baseline-intel, 3, 200, 50, 25, 14.80, 316.56, 156.01, 15.30722773, , 0, 
baseline-intel, 3, 200, 50, 25, 14.84, 316.23, 154.92, 15.31138620, , 0, 
baseline-intel, 3, 200, 50, 25, 14.88, 316.11, 150.58, 15.27683815, , 0, 
baseline-intel, 3, 200, 50, 25, 14.71, 311.72, 153.91, 15.24457519, , 0, 
baseline-intel, 3, 200, 50, 25, 14.84, 315.92, 153.16, 15.30581203, , 0, 
baseline-intel, 3, 200, 50, 25, 15.73, 322.41, 154.74, 15.66408335, , 0, 
baseline-intel, 3, 200, 50, 25, 15.32, 321.23, 153.28, 15.48219803, , 0, 
baseline-intel, 3, 200, 50, 25, 14.76, 314.60, 146.71, 15.23522005, , 0, 
baseline-intel, 3, 400, 10, 10, 14.76, 314.00, 151.41, 15.21864262, , 0, 
baseline-intel, 3, 400, 10, 10, 15.73, 324.92, 156.31, 15.71019298, , 0, 
baseline-intel, 3, 400, 10, 10, 14.94, 315.74, 153.28, 15.34182192, , 0, 
baseline-intel, 3, 400, 10, 10, 14.67, 311.92, 150.82, 15.14842766, , 0, 
baseline-intel, 3, 400, 10, 10, 14.82, 314.55, 153.47, 15.29070923, , 0, 
baseline-intel, 3, 400, 10, 10, 14.98, 314.41, 152.51, 15.29406178, , 0, 
baseline-intel, 3, 400, 10, 10, 14.91, 315.30, 152.35, 15.26858094, , 0, 
baseline-intel, 3, 400, 10, 10, 14.73, 312.77, 151.98, 15.20247705, , 0, 
baseline-intel, 3, 400, 10, 10, 14.80, 314.81, 152.29, 15.23074087, , 0, 
baseline-intel, 3, 400, 10, 10, 15.24, 317.49, 154.94, 15.40933723, , 0, 
baseline-intel, 3, 400, 10, 10, 17.44, 323.78, 152.73, 15.60158295, , 0, 
baseline-intel, 3, 400, 10, 10, 14.80, 277.63, 158.74, 15.83652232, , 0, 
baseline-intel, 3, 400, 10, 10, 10.23, 228.00, 151.59, 15.46014270, , 0, 
baseline-intel, 3, 400, 10, 10, 10.56, 228.80, 158.18, 15.47402813, , 0, 
baseline-intel, 3, 400, 10, 10, 10.05, 227.46, 149.77, 15.36221312, , 0, 
baseline-intel, 3, 400, 10, 10, 10.63, 230.04, 154.71, 15.48070164, , 0, 
baseline-intel, 3, 400, 10, 10, 10.11, 228.96, 157.67, 15.40563626, , 0, 
baseline-intel, 3, 400, 10, 10, 10.65, 230.28, 153.74, 15.48891183, , 0, 
baseline-intel, 3, 400, 10, 10, 10.05, 225.93, 150.99, 15.25208255, , 0, 
baseline-intel, 3, 400, 10, 10, 10.57, 230.66, 154.67, 15.55819798, , 0, 
baseline-intel, 3, 400, 10, 10, 10.11, 226.74, 152.73, 15.36053697, , 0, 
baseline-intel, 3, 400, 10, 10, 10.03, 226.51, 154.69, 15.31803053, , 0, 
baseline-intel, 3, 400, 10, 10, 10.23, 227.74, 152.53, 15.37652722, , 0, 
baseline-intel, 3, 400, 10, 10, 10.38, 229.30, 152.23, 15.45076443, , 0, 
baseline-intel, 3, 400, 10, 10, 10.07, 227.61, 149.42, 15.37332727, , 0, 
baseline-intel, 3, 400, 10, 10, 10.55, 229.59, 154.65, 15.48638006, , 0, 
baseline-intel, 3, 400, 10, 10, 10.01, 225.99, 152.77, 15.27088080, , 0, 
baseline-intel, 3, 400, 10, 10, 10.53, 231.09, 153.67, 15.49294958, , 0, 
baseline-intel, 3, 400, 10, 10, 10.19, 228.80, 153.95, 15.38506032, , 0, 
baseline-intel, 3, 400, 10, 10, 10.14, 229.40, 152.44, 15.38580039, , 0, 
baseline-intel, 3, 400, 10, 25, 10.06, 226.45, 154.58, 15.32464269, , 0, 
baseline-intel, 3, 400, 10, 25, 10.31, 229.54, 153.24, 15.44957867, , 0, 
baseline-intel, 3, 400, 10, 25, 13.75, 282.47, 162.99, 15.90865490, , 0, 
baseline-intel, 3, 400, 10, 25, 24.61, 385.87, 177.68, 18.22084138, , 0, 
baseline-intel, 3, 400, 10, 25, 18.65, 338.72, 162.32, 16.22197000, , 0, 
baseline-intel, 3, 400, 10, 25, 14.85, 313.75, 151.16, 15.22305466, , 0, 
baseline-intel, 3, 400, 10, 25, 16.20, 324.26, 157.45, 15.75370117, , 0, 
baseline-intel, 3, 400, 10, 25, 16.34, 325.50, 155.28, 15.75683673, , 0, 
baseline-intel, 3, 400, 10, 25, 15.33, 316.17, 154.09, 15.34999645, , 0, 
baseline-intel, 3, 400, 10, 25, 17.41, 337.49, 161.36, 16.13991865, , 0, 
baseline-intel, 3, 400, 10, 25, 17.89, 342.33, 160.31, 16.26715116, , 0, 
baseline-intel, 3, 400, 10, 25, 19.05, 350.03, 163.07, 16.69847153, , 0, 
baseline-intel, 3, 400, 10, 25, 18.59, 346.20, 165.25, 16.43677570, , 0, 
baseline-intel, 3, 400, 10, 25, 18.48, 347.21, 163.09, 16.53139128, , 0, 
baseline-intel, 3, 400, 10, 25, 16.10, 326.20, 157.27, 15.63667259, , 0, 
baseline-intel, 3, 400, 10, 25, 18.41, 345.72, 165.42, 16.44845442, , 0, 
baseline-intel, 3, 400, 10, 25, 18.54, 347.81, 166.86, 16.56210133, , 0, 
baseline-intel, 3, 400, 10, 25, 19.69, 356.40, 170.18, 16.97977455, , 0, 
baseline-intel, 3, 400, 10, 25, 16.37, 327.30, 158.47, 15.71759723, , 0, 
baseline-intel, 3, 400, 10, 25, 19.70, 352.24, 168.60, 16.79784762, , 0, 
baseline-intel, 3, 400, 10, 25, 18.80, 348.15, 165.22, 16.61846738, , 0, 
baseline-intel, 3, 400, 10, 25, 19.13, 351.33, 165.80, 16.65402544, , 0, 
baseline-intel, 3, 400, 10, 25, 18.13, 339.71, 164.35, 16.30017530, , 0, 
baseline-intel, 3, 400, 10, 25, 16.37, 328.31, 157.05, 15.72798092, , 0, 
baseline-intel, 3, 400, 10, 25, 17.21, 333.62, 157.33, 16.01838620, , 0, 
baseline-intel, 3, 400, 10, 25, 18.13, 338.95, 161.83, 16.24121212, , 0, 
baseline-intel, 3, 400, 10, 25, 18.11, 341.83, 166.40, 16.32263403, , 0, 
baseline-intel, 3, 400, 10, 25, 17.24, 333.04, 156.15, 16.05514310, , 0, 
baseline-intel, 3, 400, 10, 25, 16.37, 326.41, 156.95, 15.72376011, , 0, 
baseline-intel, 3, 400, 10, 25, 16.77, 333.46, 157.78, 15.93652891, , 0, 
baseline-intel, 3, 400, 50, 10, 17.02, 334.98, 156.22, 16.00684175, , 0, 
baseline-intel, 3, 400, 50, 10, 21.54, 371.52, 173.32, 17.58428594, , 0, 
baseline-intel, 3, 400, 50, 10, 17.88, 340.45, 160.29, 16.21587147, , 0, 
baseline-intel, 3, 400, 50, 10, 16.93, 333.03, 159.95, 15.95128271, , 0, 
baseline-intel, 3, 400, 50, 10, 18.54, 344.50, 161.12, 16.42663618, , 0, 
baseline-intel, 3, 400, 50, 10, 19.68, 350.78, 164.99, 16.75921586, , 0, 
baseline-intel, 3, 400, 50, 10, 18.21, 341.77, 162.38, 16.38084517, , 0, 
baseline-intel, 3, 400, 50, 10, 15.46, 320.20, 152.53, 15.46402237, , 0, 
baseline-intel, 3, 400, 50, 10, 16.03, 324.40, 155.85, 15.61240998, , 0, 
baseline-intel, 3, 400, 50, 10, 17.91, 341.04, 161.52, 16.35645885, , 0, 
baseline-intel, 3, 400, 50, 10, 17.88, 341.41, 164.39, 16.36143369, , 0, 
baseline-intel, 3, 400, 50, 10, 18.78, 349.59, 166.72, 16.56801342, , 0, 
baseline-intel, 3, 400, 50, 10, 16.70, 332.56, 157.25, 16.08232411, , 0, 
baseline-intel, 3, 400, 50, 10, 18.37, 343.77, 166.44, 16.41132474, , 0, 
baseline-intel, 3, 400, 50, 10, 18.25, 346.25, 162.65, 16.48747428, , 0, 
baseline-intel, 3, 400, 50, 10, 18.41, 346.46, 164.68, 16.48608409, , 0, 
baseline-intel, 3, 400, 50, 10, 17.58, 336.28, 162.28, 16.15230496, , 0, 
baseline-intel, 3, 400, 50, 10, 19.04, 350.44, 167.51, 16.65642883, , 0, 
baseline-intel, 3, 400, 50, 10, 19.56, 355.51, 169.29, 16.90123814, , 0, 
baseline-intel, 3, 400, 50, 10, 18.88, 350.09, 165.28, 16.65828257, , 0, 
baseline-intel, 3, 400, 50, 10, 16.60, 333.85, 160.89, 15.77870860, , 0, 
baseline-intel, 3, 400, 50, 10, 17.85, 343.77, 159.95, 16.32649334, , 0, 
baseline-intel, 3, 400, 50, 10, 17.36, 340.10, 161.16, 16.08995797, , 0, 
baseline-intel, 3, 400, 50, 10, 19.16, 359.29, 168.15, 16.85767099, , 0, 
baseline-intel, 3, 400, 50, 10, 19.03, 353.55, 165.43, 16.58797797, , 0, 
baseline-intel, 3, 400, 50, 10, 17.58, 342.76, 160.27, 16.28571996, , 0, 
baseline-intel, 3, 400, 50, 10, 17.84, 344.39, 161.22, 16.20041575, , 0, 
baseline-intel, 3, 400, 50, 10, 17.06, 337.25, 159.45, 15.94355222, , 0, 
baseline-intel, 3, 400, 50, 10, 16.02, 329.28, 152.19, 15.67341859, , 0, 
baseline-intel, 3, 400, 50, 10, 21.97, 371.78, 176.17, 17.47419980, , 0, 
baseline-intel, 3, 400, 50, 25, 19.31, 348.06, 164.89, 16.66323430, , 0, 
baseline-intel, 3, 400, 50, 25, 15.60, 325.48, 155.57, 15.53785785, , 0, 
baseline-intel, 3, 400, 50, 25, 17.03, 335.51, 158.98, 15.98645413, , 0, 
baseline-intel, 3, 400, 50, 25, 17.54, 338.10, 162.35, 16.08957921, , 0, 
baseline-intel, 3, 400, 50, 25, 17.51, 339.68, 157.99, 16.10435501, , 0, 
baseline-intel, 3, 400, 50, 25, 14.74, 316.54, 151.46, 15.19092183, , 0, 
baseline-intel, 3, 400, 50, 25, 15.24, 322.68, 154.05, 15.42271699, , 0, 
baseline-intel, 3, 400, 50, 25, 14.95, 320.33, 151.85, 15.40024800, , 0, 
baseline-intel, 3, 400, 50, 25, 14.66, 315.34, 150.50, 15.17235316, , 0, 
baseline-intel, 3, 400, 50, 25, 18.10, 345.78, 161.61, 16.40282106, , 0, 
baseline-intel, 3, 400, 50, 25, 17.47, 341.28, 158.53, 16.22049125, , 0, 
baseline-intel, 3, 400, 50, 25, 15.16, 320.52, 151.43, 15.33043120, , 0, 
baseline-intel, 3, 400, 50, 25, 31.05, 418.99, 191.30, 19.40011270, , 0, 
baseline-intel, 3, 400, 50, 25, 37.24, 451.13, 203.30, 20.78811377, , 0, 
baseline-intel, 3, 400, 50, 25, 27.30, 397.84, 182.12, 18.44933176, , 0, 
baseline-intel, 3, 400, 50, 25, 27.96, 404.99, 188.27, 18.63413810, , 0, 
baseline-intel, 3, 400, 50, 25, 27.92, 402.86, 185.48, 18.72797863, , 0, 
baseline-intel, 3, 400, 50, 25, 31.66, 419.28, 192.17, 19.55970767, , 0, 
baseline-intel, 3, 400, 50, 25, 20.76, 351.20, 166.00, 16.64380425, , 0, 
baseline-intel, 3, 400, 50, 25, 18.22, 336.55, 158.51, 16.03947020, , 0, 
baseline-intel, 3, 400, 50, 25, 30.82, 420.52, 196.08, 19.51274799, , 0, 
baseline-intel, 3, 400, 50, 25, 27.50, 399.79, 184.24, 18.56222368, , 0, 
baseline-intel, 3, 400, 50, 25, 26.60, 396.29, 183.71, 18.45020581, , 0, 
baseline-intel, 3, 400, 50, 25, 26.37, 395.48, 182.75, 18.34583042, , 0, 
baseline-intel, 3, 400, 50, 25, 23.17, 373.90, 173.17, 17.43979377, , 0, 
baseline-intel, 3, 400, 50, 25, 26.01, 393.03, 180.98, 18.16214141, , 0, 
baseline-intel, 3, 400, 50, 25, 31.66, 427.80, 194.01, 19.80228715, , 0, 
baseline-intel, 3, 400, 50, 25, 27.38, 395.90, 185.54, 18.40499079, , 0, 
baseline-intel, 3, 400, 50, 25, 21.49, 363.17, 167.88, 17.12951145, , 0, 
baseline-intel, 3, 400, 50, 25, 15.41, 322.09, 155.21, 15.42031382, , 0, 
baseline-intel, 5, 200, 10, 10, 15.84, 325.08, 156.31, 15.53744198, , 0, 
baseline-intel, 5, 200, 10, 10, 15.85, 326.83, 156.09, 15.57964458, , 0, 
baseline-intel, 5, 200, 10, 10, 19.12, 355.70, 166.37, 16.80955776, , 0, 
baseline-intel, 5, 200, 10, 10, 18.51, 349.79, 162.42, 16.48189200, , 0, 
baseline-intel, 5, 200, 10, 10, 17.84, 343.23, 162.28, 16.30084805, , 0, 
baseline-intel, 5, 200, 10, 10, 25.72, 389.40, 178.02, 18.14392528, , 0, 
baseline-intel, 5, 200, 10, 10, 27.61, 396.46, 181.42, 18.46530520, , 0, 
baseline-intel, 5, 200, 10, 10, 17.04, 333.53, 160.53, 15.86726712, , 0, 
baseline-intel, 5, 200, 10, 10, 21.02, 365.71, 170.08, 17.20012973, , 0, 
baseline-intel, 5, 200, 10, 10, 19.55, 355.18, 166.29, 16.73386614, , 0, 
baseline-intel, 5, 200, 10, 10, 19.53, 358.36, 173.28, 16.85674497, , 0, 
baseline-intel, 5, 200, 10, 10, 17.76, 339.02, 159.43, 16.12149633, , 0, 
baseline-intel, 5, 200, 10, 10, 22.69, 371.81, 173.81, 17.42063998, , 0, 
baseline-intel, 5, 200, 10, 10, 16.96, 333.06, 159.05, 15.88988388, , 0, 
baseline-intel, 5, 200, 10, 10, 16.09, 327.37, 154.24, 15.55654198, , 0, 
baseline-intel, 5, 200, 10, 10, 16.81, 333.18, 154.26, 15.89654206, , 0, 
baseline-intel, 5, 200, 10, 10, 16.02, 327.50, 154.72, 15.66066514, , 0, 
baseline-intel, 5, 200, 10, 10, 16.16, 330.44, 157.23, 15.73897456, , 0, 
baseline-intel, 5, 200, 10, 10, 16.73, 334.05, 154.49, 15.80234095, , 0, 
baseline-intel, 5, 200, 10, 10, 18.28, 345.63, 159.02, 16.29872420, , 0, 
baseline-intel, 5, 200, 10, 10, 17.68, 340.16, 161.09, 16.19495885, , 0, 
baseline-intel, 5, 200, 10, 10, 16.22, 329.75, 155.52, 15.67069890, , 0, 
baseline-intel, 5, 200, 10, 10, 17.71, 336.41, 160.59, 16.05125211, , 0, 
baseline-intel, 5, 200, 10, 10, 15.63, 325.96, 158.66, 15.55781322, , 0, 
baseline-intel, 5, 200, 10, 10, 16.50, 330.02, 159.44, 15.81502402, , 0, 
baseline-intel, 5, 200, 10, 10, 17.78, 336.87, 157.08, 16.00382366, , 0, 
baseline-intel, 5, 200, 10, 10, 14.60, 315.28, 147.56, 15.10333478, , 0, 
baseline-intel, 5, 200, 10, 10, 16.47, 329.67, 155.51, 15.69203332, , 0, 
baseline-intel, 5, 200, 10, 10, 17.18, 338.31, 155.91, 15.95759021, , 0, 
baseline-intel, 5, 200, 10, 10, 18.07, 350.04, 164.62, 16.51231175, , 0, 
baseline-intel, 5, 200, 10, 25, 15.38, 323.18, 154.49, 15.40264158, , 0, 
baseline-intel, 5, 200, 10, 25, 16.37, 331.22, 157.49, 15.73321741, , 0, 
baseline-intel, 5, 200, 10, 25, 18.51, 350.46, 163.13, 16.47560155, , 0, 
baseline-intel, 5, 200, 10, 25, 16.91, 336.63, 156.81, 15.99909958, , 0, 
baseline-intel, 5, 200, 10, 25, 16.96, 336.56, 157.19, 15.90775534, , 0, 
baseline-intel, 5, 200, 10, 25, 16.43, 331.28, 158.90, 15.72889206, , 0, 
baseline-intel, 5, 200, 10, 25, 17.79, 342.65, 160.65, 16.17151752, , 0, 
baseline-intel, 5, 200, 10, 25, 17.77, 341.22, 160.33, 16.14674103, , 0, 
baseline-intel, 5, 200, 10, 25, 17.55, 336.72, 158.24, 15.93001598, , 0, 
baseline-intel, 5, 200, 10, 25, 17.86, 341.42, 159.49, 16.14450747, , 0, 
baseline-intel, 5, 200, 10, 25, 17.80, 338.23, 160.19, 15.99092632, , 0, 
baseline-intel, 5, 200, 10, 25, 18.32, 346.37, 161.71, 16.36086006, , 0, 
baseline-intel, 5, 200, 10, 25, 18.07, 346.85, 160.91, 16.38620872, , 0, 
baseline-intel, 5, 200, 10, 25, 18.35, 346.14, 163.52, 16.34112567, , 0, 
baseline-intel, 5, 200, 10, 25, 16.40, 329.81, 155.99, 15.68831090, , 0, 
baseline-intel, 5, 200, 10, 25, 17.60, 340.96, 158.54, 16.16351845, , 0, 
baseline-intel, 5, 200, 10, 25, 18.77, 352.21, 168.62, 16.60309968, , 0, 
baseline-intel, 5, 200, 10, 25, 18.62, 348.36, 164.79, 16.50554672, , 0, 
baseline-intel, 5, 200, 10, 25, 18.70, 350.25, 167.64, 16.52424491, , 0, 
baseline-intel, 5, 200, 10, 25, 17.79, 344.44, 165.04, 16.28631003, , 0, 
baseline-intel, 5, 200, 10, 25, 16.83, 335.82, 157.66, 15.96455486, , 0, 
baseline-intel, 5, 200, 10, 25, 17.29, 338.12, 160.62, 15.99652209, , 0, 
baseline-intel, 5, 200, 10, 25, 18.07, 345.77, 161.51, 16.33614095, , 0, 
baseline-intel, 5, 200, 10, 25, 18.09, 344.62, 162.73, 16.30028226, , 0, 
baseline-intel, 5, 200, 10, 25, 18.49, 344.14, 159.26, 16.32555125, , 0, 
baseline-intel, 5, 200, 10, 25, 16.92, 332.52, 157.25, 15.82207644, , 0, 
baseline-intel, 5, 200, 10, 25, 16.65, 331.15, 157.97, 15.76222009, , 0, 
baseline-intel, 5, 200, 10, 25, 17.63, 338.96, 159.31, 16.14147380, , 0, 
baseline-intel, 5, 200, 10, 25, 16.48, 329.74, 156.75, 15.71424008, , 0, 
baseline-intel, 5, 200, 10, 25, 17.72, 340.13, 162.19, 16.11254780, , 0, 
baseline-intel, 5, 200, 50, 10, 17.86, 344.69, 158.66, 16.27842811, , 0, 
baseline-intel, 5, 200, 50, 10, 17.20, 337.33, 160.34, 16.07592041, , 0, 
baseline-intel, 5, 200, 50, 10, 16.72, 330.15, 156.21, 15.76680963, , 0, 
baseline-intel, 5, 200, 50, 10, 17.44, 336.05, 158.12, 16.02433519, , 0, 
baseline-intel, 5, 200, 50, 10, 18.11, 342.24, 163.54, 16.21252326, , 0, 
baseline-intel, 5, 200, 50, 10, 16.95, 335.26, 155.27, 15.96305198, , 0, 
baseline-intel, 5, 200, 50, 10, 15.91, 325.98, 155.15, 15.55674439, , 0, 
baseline-intel, 5, 200, 50, 10, 16.23, 327.34, 154.07, 15.62425423, , 0, 
baseline-intel, 5, 200, 50, 10, 19.06, 353.56, 163.15, 16.65198397, , 0, 
baseline-intel, 5, 200, 50, 10, 17.91, 343.51, 161.73, 16.20353101, , 0, 
baseline-intel, 5, 200, 50, 10, 17.56, 343.12, 157.54, 16.15348458, , 0, 
baseline-intel, 5, 200, 50, 10, 17.05, 333.05, 156.22, 15.92599679, , 0, 
baseline-intel, 5, 200, 50, 10, 16.63, 330.72, 155.66, 15.81089333, , 0, 
baseline-intel, 5, 200, 50, 10, 15.39, 323.31, 154.31, 15.48595315, , 0, 
baseline-intel, 5, 200, 50, 10, 18.32, 344.60, 160.71, 16.31608014, , 0, 
baseline-intel, 5, 200, 50, 10, 17.49, 339.39, 158.00, 16.05905690, , 0, 
baseline-intel, 5, 200, 50, 10, 16.41, 328.39, 155.01, 15.67241599, , 0, 
baseline-intel, 5, 200, 50, 10, 17.30, 336.40, 158.94, 16.05791664, , 0, 
baseline-intel, 5, 200, 50, 10, 18.07, 345.49, 161.10, 16.21925404, , 0, 
baseline-intel, 5, 200, 50, 10, 15.11, 321.04, 153.67, 15.43025971, , 0, 
baseline-intel, 5, 200, 50, 10, 14.92, 321.23, 153.38, 15.33769726, , 0, 
baseline-intel, 5, 200, 50, 10, 14.78, 317.41, 152.42, 15.17981529, , 0, 
baseline-intel, 5, 200, 50, 10, 14.96, 320.02, 152.75, 15.34470047, , 0, 
baseline-intel, 5, 200, 50, 10, 23.53, 383.44, 178.70, 18.00132838, , 0, 
baseline-intel, 5, 200, 50, 10, 15.11, 317.89, 152.06, 15.37313932, , 0, 
baseline-intel, 5, 200, 50, 10, 14.82, 318.97, 152.97, 15.28956171, , 0, 
baseline-intel, 5, 200, 50, 10, 17.29, 338.68, 161.43, 16.06446854, , 0, 
baseline-intel, 5, 200, 50, 10, 23.81, 379.80, 180.10, 18.09974517, , 0, 
baseline-intel, 5, 200, 50, 10, 14.63, 316.44, 149.70, 15.16463568, , 0, 
baseline-intel, 5, 200, 50, 10, 21.80, 367.58, 174.08, 17.34458945, , 0, 
baseline-intel, 5, 200, 50, 25, 17.61, 339.21, 158.31, 16.12067971, , 0, 
baseline-intel, 5, 200, 50, 25, 17.68, 340.76, 163.29, 16.16515999, , 0, 
baseline-intel, 5, 200, 50, 25, 16.81, 333.62, 157.94, 15.90966551, , 0, 
baseline-intel, 5, 200, 50, 25, 16.25, 331.18, 160.41, 15.74003950, , 0, 
baseline-intel, 5, 200, 50, 25, 16.49, 330.80, 154.50, 15.82293813, , 0, 
baseline-intel, 5, 200, 50, 25, 17.60, 337.85, 160.72, 16.06565455, , 0, 
baseline-intel, 5, 200, 50, 25, 16.50, 336.51, 160.17, 15.87933471, , 0, 
baseline-intel, 5, 200, 50, 25, 16.21, 328.05, 154.76, 15.64076898, , 0, 
baseline-intel, 5, 200, 50, 25, 19.76, 351.28, 162.11, 16.57113519, , 0, 
baseline-intel, 5, 200, 50, 25, 14.83, 318.28, 156.47, 15.27829919, , 0, 
baseline-intel, 5, 200, 50, 25, 15.15, 319.71, 153.60, 15.33581905, , 0, 
baseline-intel, 5, 200, 50, 25, 15.20, 319.36, 152.58, 15.34484872, , 0, 
baseline-intel, 5, 200, 50, 25, 18.42, 347.97, 161.28, 16.61322580, , 0, 
baseline-intel, 5, 200, 50, 25, 17.67, 341.96, 161.92, 16.15472479, , 0, 
baseline-intel, 5, 200, 50, 25, 22.62, 382.41, 178.97, 18.06913398, , 0, 
baseline-intel, 5, 200, 50, 25, 15.79, 327.03, 150.13, 15.59289672, , 0, 
baseline-intel, 5, 200, 50, 25, 17.86, 348.20, 166.55, 16.38479535, , 0, 
baseline-intel, 5, 200, 50, 25, 20.34, 367.57, 168.66, 17.29288348, , 0, 
baseline-intel, 5, 200, 50, 25, 16.84, 337.53, 159.80, 15.94905792, , 0, 
baseline-intel, 5, 200, 50, 25, 17.08, 338.04, 158.52, 16.02432639, , 0, 
baseline-intel, 5, 200, 50, 25, 17.44, 341.81, 163.27, 16.13686499, , 0, 
baseline-intel, 5, 200, 50, 25, 17.99, 347.38, 163.21, 16.35594129, , 0, 
baseline-intel, 5, 200, 50, 25, 19.19, 354.65, 166.08, 16.73351669, , 0, 
baseline-intel, 5, 200, 50, 25, 16.64, 337.44, 157.67, 15.91330092, , 0, 
baseline-intel, 5, 200, 50, 25, 20.42, 365.86, 169.55, 17.21508544, , 0, 
baseline-intel, 5, 200, 50, 25, 17.56, 341.64, 162.60, 16.14099208, , 0, 
baseline-intel, 5, 200, 50, 25, 18.48, 347.65, 161.71, 16.40667094, , 0, 
baseline-intel, 5, 200, 50, 25, 17.12, 337.73, 159.18, 16.00857634, , 0, 
baseline-intel, 5, 200, 50, 25, 16.42, 333.12, 156.40, 15.81050443, , 0, 
baseline-intel, 5, 200, 50, 25, 16.72, 334.14, 154.44, 15.91629357, , 0, 
baseline-intel, 5, 400, 10, 10, 16.11, 331.32, 153.00, 15.73778881, , 0, 
baseline-intel, 5, 400, 10, 10, 15.36, 322.93, 151.54, 15.47142254, , 0, 
baseline-intel, 5, 400, 10, 10, 15.35, 321.39, 154.31, 15.46489645, , 0, 
baseline-intel, 5, 400, 10, 10, 17.10, 336.81, 158.47, 16.07038160, , 0, 
baseline-intel, 5, 400, 10, 10, 17.68, 345.39, 157.55, 16.25825096, , 0, 
baseline-intel, 5, 400, 10, 10, 15.96, 328.84, 154.48, 15.60558017, , 0, 
baseline-intel, 5, 400, 10, 10, 18.24, 348.42, 161.25, 16.39250297, , 0, 
baseline-intel, 5, 400, 10, 10, 18.30, 345.54, 162.55, 16.39133478, , 0, 
baseline-intel, 5, 400, 10, 10, 17.36, 340.15, 158.28, 16.07804440, , 0, 
baseline-intel, 5, 400, 10, 10, 16.92, 337.77, 158.85, 15.98914975, , 0, 
baseline-intel, 5, 400, 10, 10, 19.00, 353.12, 167.80, 16.60262928, , 0, 
baseline-intel, 5, 400, 10, 10, 18.58, 350.78, 163.49, 16.62679974, , 0, 
baseline-intel, 5, 400, 10, 10, 17.82, 344.28, 162.97, 16.27448155, , 0, 
baseline-intel, 5, 400, 10, 10, 18.01, 345.68, 157.56, 16.27929084, , 0, 
baseline-intel, 5, 400, 10, 10, 18.82, 352.98, 163.62, 16.61600662, , 0, 
baseline-intel, 5, 400, 10, 10, 16.37, 331.54, 157.59, 15.87150959, , 0, 
baseline-intel, 5, 400, 10, 10, 15.26, 320.51, 151.36, 15.33542562, , 0, 
baseline-intel, 5, 400, 10, 10, 16.83, 333.08, 158.76, 15.86912166, , 0, 
baseline-intel, 5, 400, 10, 10, 17.85, 340.71, 160.36, 16.25322130, , 0, 
baseline-intel, 5, 400, 10, 10, 17.27, 340.92, 160.69, 16.10196190, , 0, 
baseline-intel, 5, 400, 10, 10, 16.91, 336.42, 154.92, 15.97044426, , 0, 
baseline-intel, 5, 400, 10, 10, 15.73, 325.18, 154.97, 15.58425665, , 0, 
baseline-intel, 5, 400, 10, 10, 16.79, 332.03, 155.23, 15.83693487, , 0, 
baseline-intel, 5, 400, 10, 10, 16.26, 330.80, 157.70, 15.75482460, , 0, 
baseline-intel, 5, 400, 10, 10, 17.76, 335.20, 162.60, 15.90489591, , 0, 
baseline-intel, 5, 400, 10, 10, 16.29, 330.87, 156.32, 15.72560195, , 0, 
baseline-intel, 5, 400, 10, 10, 16.97, 336.63, 160.83, 15.99194200, , 0, 
baseline-intel, 5, 400, 10, 10, 16.30, 327.00, 156.08, 15.59290435, , 0, 
baseline-intel, 5, 400, 10, 10, 19.49, 352.41, 165.47, 16.62748321, , 0, 
baseline-intel, 5, 400, 10, 10, 18.64, 342.61, 160.25, 16.27677955, , 0, 
baseline-intel, 5, 400, 10, 25, 19.63, 354.15, 166.64, 16.72513729, , 0, 
baseline-intel, 5, 400, 10, 25, 17.55, 337.96, 157.33, 16.01442300, , 0, 
baseline-intel, 5, 400, 10, 25, 15.05, 320.38, 153.17, 15.33576441, , 0, 
baseline-intel, 5, 400, 10, 25, 21.17, 360.87, 169.88, 16.99566482, , 0, 
baseline-intel, 5, 400, 10, 25, 17.41, 339.38, 160.88, 15.97962406, , 0, 
baseline-intel, 5, 400, 10, 25, 22.90, 380.37, 177.05, 17.73527943, , 0, 
baseline-intel, 5, 400, 10, 25, 17.01, 333.92, 157.07, 15.90067770, , 0, 
baseline-intel, 5, 400, 10, 25, 15.45, 323.75, 151.65, 15.51286974, , 0, 
baseline-intel, 5, 400, 10, 25, 15.11, 320.75, 149.17, 15.40219860, , 0, 
baseline-intel, 5, 400, 10, 25, 15.21, 321.64, 154.17, 15.43847726, , 0, 
baseline-intel, 5, 400, 10, 25, 22.75, 374.26, 174.75, 17.57451205, , 0, 
baseline-intel, 5, 400, 10, 25, 19.36, 346.94, 162.23, 16.53661290, , 0, 
baseline-intel, 5, 400, 10, 25, 17.91, 340.58, 161.23, 16.19966241, , 0, 
baseline-intel, 5, 400, 10, 25, 30.20, 439.84, 207.48, 20.49761556, , 0, 
baseline-intel, 5, 400, 10, 25, 16.53, 334.16, 158.89, 15.92508364, , 0, 
baseline-intel, 5, 400, 10, 25, 16.82, 333.60, 161.09, 15.97330654, , 0, 
baseline-intel, 5, 400, 10, 25, 17.07, 337.90, 159.19, 16.09441225, , 0, 
baseline-intel, 5, 400, 10, 25, 17.70, 341.73, 159.04, 16.22670351, , 0, 
baseline-intel, 5, 400, 10, 25, 20.16, 359.05, 166.83, 16.90617287, , 0, 
baseline-intel, 5, 400, 10, 25, 17.33, 337.74, 160.35, 16.07882174, , 0, 
baseline-intel, 5, 400, 10, 25, 14.83, 319.71, 153.08, 15.33109698, , 0, 
baseline-intel, 5, 400, 10, 25, 16.68, 333.43, 157.20, 15.82957228, , 0, 
baseline-intel, 5, 400, 10, 25, 15.31, 321.45, 155.25, 15.38863363, , 0, 
baseline-intel, 5, 400, 10, 25, 16.19, 330.59, 157.04, 15.70193064, , 0, 
baseline-intel, 5, 400, 10, 25, 15.69, 325.24, 155.94, 15.56261827, , 0, 
baseline-intel, 5, 400, 10, 25, 15.70, 326.13, 157.54, 15.56743191, , 0, 
baseline-intel, 5, 400, 10, 25, 15.79, 325.10, 153.48, 15.60737795, , 0, 
baseline-intel, 5, 400, 10, 25, 15.22, 322.87, 153.43, 15.45764375, , 0, 
baseline-intel, 5, 400, 10, 25, 14.68, 315.17, 152.02, 15.19493662, , 0, 
baseline-intel, 5, 400, 10, 25, 15.09, 318.43, 156.61, 15.28330579, , 0, 
baseline-intel, 5, 400, 50, 10, 16.10, 327.55, 158.39, 15.69082949, , 0, 
baseline-intel, 5, 400, 50, 10, 27.18, 416.73, 195.46, 19.48792581, , 0, 
baseline-intel, 5, 400, 50, 10, 17.06, 339.12, 160.80, 16.02299030, , 0, 
baseline-intel, 5, 400, 50, 10, 17.82, 338.70, 158.81, 16.14618081, , 0, 
baseline-intel, 5, 400, 50, 10, 14.63, 315.28, 150.57, 15.20796663, , 0, 
baseline-intel, 5, 400, 50, 10, 14.65, 314.88, 150.69, 15.20450438, , 0, 
baseline-intel, 5, 400, 50, 10, 14.81, 317.40, 153.54, 15.30415414, , 0, 
baseline-intel, 5, 400, 50, 10, 15.05, 318.76, 155.94, 15.36946414, , 0, 
baseline-intel, 5, 400, 50, 10, 14.64, 314.68, 151.17, 15.22197538, , 0, 
baseline-intel, 5, 400, 50, 10, 14.65, 314.93, 150.96, 15.18801439, , 0, 
baseline-intel, 5, 400, 50, 10, 14.93, 319.72, 154.11, 15.34974934, , 0, 
baseline-intel, 5, 400, 50, 10, 14.99, 318.25, 151.89, 15.30802061, , 0, 
baseline-intel, 5, 400, 50, 10, 14.99, 318.52, 152.76, 15.34278821, , 0, 
baseline-intel, 5, 400, 50, 10, 19.05, 354.86, 168.88, 16.70487136, , 0, 
baseline-intel, 5, 400, 50, 10, 18.58, 351.69, 161.84, 16.56591095, , 0, 
baseline-intel, 5, 400, 50, 10, 19.13, 348.05, 164.30, 16.56009601, , 0, 
baseline-intel, 5, 400, 50, 10, 18.88, 348.83, 164.65, 16.49245724, , 0, 
baseline-intel, 5, 400, 50, 10, 20.47, 356.79, 170.22, 16.81942615, , 0, 
baseline-intel, 5, 400, 50, 10, 17.83, 343.33, 161.68, 16.24148039, , 0, 
baseline-intel, 5, 400, 50, 10, 17.63, 341.85, 160.90, 16.16217055, , 0, 
baseline-intel, 5, 400, 50, 10, 15.35, 321.69, 154.17, 15.34693985, , 0, 
baseline-intel, 5, 400, 50, 10, 15.36, 324.29, 153.27, 15.43944425, , 0, 
baseline-intel, 5, 400, 50, 10, 15.31, 322.13, 152.88, 15.43170606, , 0, 
baseline-intel, 5, 400, 50, 10, 17.89, 343.38, 164.07, 16.30237832, , 0, 
baseline-intel, 5, 400, 50, 10, 15.24, 325.29, 153.94, 15.62432870, , 0, 
baseline-intel, 5, 400, 50, 10, 15.24, 322.91, 154.69, 15.46034557, , 0, 
baseline-intel, 5, 400, 50, 10, 17.48, 334.71, 158.91, 15.95962454, , 0, 
baseline-intel, 5, 400, 50, 10, 29.46, 432.46, 197.42, 20.29119884, , 0, 
baseline-intel, 5, 400, 50, 10, 15.81, 327.96, 154.62, 15.58217338, , 0, 
baseline-intel, 5, 400, 50, 10, 18.24, 348.42, 162.69, 16.38714550, , 0, 
baseline-intel, 5, 400, 50, 25, 19.37, 357.26, 166.58, 16.87095866, , 0, 
baseline-intel, 5, 400, 50, 25, 20.39, 359.11, 164.94, 16.85440896, , 0, 
baseline-intel, 5, 400, 50, 25, 16.83, 338.29, 156.65, 15.88386168, , 0, 
baseline-intel, 5, 400, 50, 25, 17.99, 342.45, 157.31, 16.16621416, , 0, 
baseline-intel, 5, 400, 50, 25, 19.28, 353.42, 166.56, 16.64367008, , 0, 
baseline-intel, 5, 400, 50, 25, 18.30, 350.56, 163.04, 16.49104703, , 0, 
baseline-intel, 5, 400, 50, 25, 19.06, 354.61, 168.88, 16.69986009, , 0, 
baseline-intel, 5, 400, 50, 25, 16.18, 332.07, 155.09, 15.77295342, , 0, 
baseline-intel, 5, 400, 50, 25, 15.43, 322.64, 151.11, 15.40892235, , 0, 
baseline-intel, 5, 400, 50, 25, 18.60, 354.98, 163.22, 16.77406251, , 0, 
baseline-intel, 5, 400, 50, 25, 15.74, 325.06, 154.12, 15.54687694, , 0, 
baseline-intel, 5, 400, 50, 25, 17.97, 343.62, 162.71, 16.32082246, , 0, 
baseline-intel, 5, 400, 50, 25, 16.68, 334.39, 158.71, 15.97154532, , 0, 
baseline-intel, 5, 400, 50, 25, 17.42, 340.19, 158.49, 16.10046416, , 0, 
baseline-intel, 5, 400, 50, 25, 19.42, 353.11, 166.41, 16.65562443, , 0, 
baseline-intel, 5, 400, 50, 25, 22.70, 369.32, 168.39, 17.33748248, , 0, 
baseline-intel, 5, 400, 50, 25, 30.56, 419.72, 195.24, 19.35525579, , 0, 
baseline-intel, 5, 400, 50, 25, 22.76, 370.98, 177.08, 17.26886082, , 0, 
baseline-intel, 5, 400, 50, 25, 22.41, 360.83, 168.31, 17.16241387, , 0, 
baseline-intel, 5, 400, 50, 25, 27.78, 399.20, 187.11, 18.57454515, , 0, 
baseline-intel, 5, 400, 50, 25, 31.57, 421.22, 197.08, 19.47208536, , 0, 
baseline-intel, 5, 400, 50, 25, 26.01, 386.36, 180.39, 18.06839055, , 0, 
baseline-intel, 5, 400, 50, 25, 26.49, 392.04, 178.57, 18.35966126, , 0, 
baseline-intel, 5, 400, 50, 25, 20.74, 356.77, 167.61, 16.85241845, , 0, 
baseline-intel, 5, 400, 50, 25, 21.45, 362.78, 169.95, 17.04692096, , 0, 
baseline-intel, 5, 400, 50, 25, 25.81, 386.42, 181.11, 17.94529120, , 0, 
baseline-intel, 5, 400, 50, 25, 30.28, 407.46, 186.99, 18.90009648, , 0, 
baseline-intel, 5, 400, 50, 25, 18.64, 339.45, 162.82, 16.22855357, , 0, 
baseline-intel, 5, 400, 50, 25, 22.72, 363.07, 171.59, 17.11689762, , 0, 
baseline-intel, 5, 400, 50, 25, 22.58, 360.93, 169.50, 17.15960617, , 0, 
